FID,LSOA21CD,LSOA21NM,HSA,WDI,accessibility,score_perc,no_cars_perc,green_commute_perc,health_perc,no_deprivation_perc
13,E01000919,Camden 028D,7.411397808,1.378693028,5.360402932,0.496559633,0.800841515,0.762633997,0.822222222,0.453781513
206,E01004763,Westminster 013B,7.334875748,1.341867421,5.437781338,0.497821012,0.803043868,0.827938671,0.863163114,0.532676813
273,E01035716,Westminster 013G,6.259203232,1.219989363,5.020031511,0.482970085,0.812846947,0.751689189,0.844748858,0.476605868
186,E01004734,Westminster 018A,6.048878555,1.427551661,4.265917249,0.495852273,0.829511466,0.754208754,0.833333333,0.50498008
261,E01035669,Tower Hamlets 009F,5.782016035,1.609537011,3.571703108,0.466363636,0.7890625,0.776510832,0.888808664,0.599063963
134,E01004310,Tower Hamlets 015E,5.760896571,1.492512028,3.859680923,0.482689076,0.77014218,0.678678679,0.832344214,0.457888493
131,E01004307,Tower Hamlets 015B,5.718312082,1.498959864,3.83010153,0.477763975,0.80952381,0.831158864,0.904109589,0.609922179
130,E01004306,Tower Hamlets 015A,4.746469095,1.472589802,3.222107239,0.475,0.690856313,0.708559047,0.855748373,0.444767442
12,E01000918,Camden 028C,4.638029343,1.411448811,3.292283069,0.481301775,0.808588957,0.73255814,0.820412716,0.477300613
187,E01004735,Westminster 018B,4.552069864,1.495000514,3.117796987,0.492284866,0.834488735,0.788501027,0.868278244,0.551126516
137,E01004316,Tower Hamlets 009C,4.453189229,1.691233604,2.645349725,0.521052632,0.735763098,0.716312057,0.855630414,0.459090909
6,E01000853,Camden 029H,4.376189606,1.536089487,2.846108135,0.515957447,0.838888889,0.668615984,0.736654804,0.325
5,E01000851,Camden 026B,4.162034469,1.399018359,2.983998119,0.510629921,0.813291139,0.779904306,0.920108328,0.538827258
4,E01000850,Camden 026A,4.063999188,1.377662365,2.955912136,0.521266667,0.804537522,0.831550802,0.888421053,0.563699825
235,E01033706,Hackney 033B,4.062729064,1.695725861,2.405783919,0.464125,0.825136612,0.857280617,0.924033149,0.589603283
33,E01002696,Islington 020A,3.964150666,1.763074263,2.259448345,0.505365854,0.66744186,0.823475046,0.876861397,0.608139535
198,E01004749,Westminster 022B,3.679298013,1.350608898,2.716476515,0.505377358,0.648622982,0.784345048,0.907967033,0.6121673
236,E01033708,Hackney 033C,3.372925978,1.600971644,2.096322334,0.479787986,0.852721451,0.816455696,0.937834941,0.666666667
43,E01002724,Islington 022D,3.309772541,1.512733983,2.201431939,0.500347826,0.748701973,0.849364791,0.88738269,0.645530146
139,E01004321,Tower Hamlets 021C,3.171168899,1.39354402,2.273164643,0.480625,0.747330961,0.645914397,0.82805219,0.347980998
93,E01003929,Southwark 002B,3.164953588,1.747927694,1.810468532,0.479227273,0.762616822,0.794326241,0.874437219,0.588785047
10,E01000916,Camden 027B,3.098038639,1.471565965,2.108748105,0.500718954,0.807073955,0.764235764,0.830462863,0.488222698
263,E01035687,Tower Hamlets 021H,3.065207342,1.434937779,2.140367365,0.494133333,0.815905744,0.760047281,0.919382504,0.575443787
207,E01004765,Westminster 013D,3.053853963,1.257325774,2.412701778,0.512795699,0.747126437,0.760780287,0.870985011,0.56500956
23,E01000947,Camden 021C,3.052489893,1.6750743,1.816712226,0.539384615,0.779411765,0.682254197,0.861261261,0.399509804
32,E01002695,Islington 021A,2.997627397,1.762735302,1.698872393,0.524732143,0.77016129,0.747797357,0.817750678,0.52016129
3,E01000005,City of London 001E,2.967698054,1.553440982,1.950090887,0.493072626,0.782881002,0.627016129,0.808181818,0.340292276
45,E01002726,Islington 022F,2.961914753,1.586893661,1.871706127,0.538518519,0.715012723,0.76477684,0.818341121,0.486005089
224,E01033489,Islington 022G,2.955078289,1.592778099,1.864577621,0.496222222,0.771723122,0.83621684,0.921232877,0.673048601
175,E01004714,Westminster 011B,2.92644656,1.198303982,2.439503374,0.51796748,0.682095006,0.787909836,0.924415117,0.661800487
133,E01004309,Tower Hamlets 015D,2.925629848,1.450609046,2.033246626,0.495625,0.771762208,0.645765472,0.837092732,0.40552017
225,E01033490,Islington 022H,2.849692959,1.610656975,1.786946989,0.501759259,0.746858169,0.73100304,0.863896848,0.510791367
216,E01032739,City of London 001F,2.829412721,1.496966821,1.910016583,0.477162945,0.831626849,0.86440678,0.934487021,0.695108077
20,E01000943,Camden 029F,2.773809063,1.625566561,1.714217074,0.537692308,0.797235023,0.717439294,0.888888889,0.45890411
122,E01004208,Tower Hamlets 013C,2.689560006,1.612362389,1.6958401,0.483846154,0.752077562,0.677649154,0.871587462,0.506944444
136,E01004315,Tower Hamlets 006C,2.675573189,1.726664323,1.553579677,0.515529412,0.678300455,0.719496855,0.819620253,0.431164902
234,E01033605,Westminster 009K,2.642785936,1.661818277,1.58995006,0.47516129,0.698571429,0.605306799,0.781840341,0.303290415
190,E01004740,Westminster 021A,2.616899768,1.412814497,1.862003624,0.51047619,0.751138088,0.620320856,0.744061303,0.32674772
271,E01035711,Camden 026E,2.603972277,1.458844604,1.81285983,0.529112903,0.813747228,0.759477124,0.857377723,0.405315615
262,E01035686,Tower Hamlets 021G,2.534692225,1.408772512,1.810502883,0.479583333,0.814685315,0.688227684,0.863846662,0.50877193
7,E01000855,Camden 028A,2.510105424,1.394212615,1.807489644,0.553577982,0.855555556,0.807017544,0.871755725,0.39480198
98,E01003935,Southwark 002D,2.445302582,1.776493821,1.371270317,0.505833333,0.673809524,0.682092555,0.850583658,0.475177305
264,E01035688,Tower Hamlets 021I,2.368531177,1.466660318,1.617677654,0.505,0.86167147,0.79814077,0.931013797,0.65129683
44,E01002725,Islington 022E,2.366317671,1.593467299,1.486954763,0.560566038,0.736654804,0.651202749,0.818248712,0.370766488
217,E01032740,City of London 001G,2.334415386,1.518760568,1.533224781,0.480277778,0.830102623,0.894396552,0.932471264,0.668187001
233,E01033604,Westminster 009J,2.258813633,1.612593154,1.393469645,0.486521739,0.774907749,0.532945736,0.789161727,0.274907749
138,E01004319,Tower Hamlets 021A,2.254043415,1.445754031,1.569985074,0.477111111,0.714964371,0.606587374,0.833998404,0.354761905
102,E01003939,Southwark 002E,2.245119495,1.715048457,1.300406811,0.505530726,0.773863636,0.737122558,0.915949367,0.563636364
178,E01004717,Westminster 011D,2.228281681,1.196012887,1.881978719,0.510465116,0.741286863,0.811083123,0.910459588,0.632352941
141,E01004326,Tower Hamlets 017D,2.218921971,1.389231258,1.607841847,0.5171875,0.750652742,0.612114772,0.843220339,0.39243807
11,E01000917,Camden 027C,2.205451652,1.438835929,1.530182845,0.505436893,0.788,0.656441718,0.758015729,0.333333333
80,E01003017,Lambeth 036D,2.175878179,1.759397527,1.234575059,0.464655172,0.707953064,0.680901542,0.825260576,0.490861619
176,E01004715,Westminster 013A,2.153349912,1.36623117,1.572515922,0.540754717,0.743373494,0.736263736,0.849861496,0.443236715
194,E01004744,Westminster 020D,2.139171053,1.489664499,1.451533529,0.504945055,0.685286104,0.734254992,0.81443299,0.480272109
46,E01002727,Islington 021C,2.129129674,1.669013695,1.27401183,0.540240964,0.699501247,0.785560345,0.854689564,0.567331671
129,E01004304,Tower Hamlets 022C,2.127478323,1.358343996,1.573135673,0.473508772,0.710144928,0.540145985,0.813495783,0.312399356
218,E01032767,Tower Hamlets 021F,2.094489279,1.524590141,1.379418438,0.487926829,0.811557789,0.838879159,0.915547025,0.633375474
265,E01035689,Tower Hamlets 021J,2.075849841,1.489249549,1.397959079,0.495084746,0.772334294,0.773455378,0.887792848,0.59018759
197,E01004748,Westminster 020E,2.072107042,1.493113699,1.396464874,0.539076923,0.634615385,0.804270463,0.909613804,0.620423892
173,E01004712,Westminster 008C,2.065391439,1.203530876,1.733526801,0.504719101,0.694293478,0.826923077,0.88336784,0.638586957
2,E01000003,City of London 001C,2.01393541,1.633337731,1.230586278,0.501212121,0.812192724,0.823,0.853688779,0.480276134
135,E01004311,Tower Hamlets 006A,2.004983459,1.784704408,1.137608499,0.526582278,0.682959049,0.693103448,0.819512195,0.401844532
37,E01002703,Islington 023C,1.998781199,1.681384932,1.194357548,0.558571429,0.762877442,0.735927152,0.848782572,0.507528787
0,E01000001,City of London 001A,1.99126835,1.565243031,1.27381115,0.468916667,0.663082437,0.891454965,0.899661017,0.653937947
140,E01004322,Tower Hamlets 017A,1.979374928,1.475706914,1.348664566,0.506571429,0.724857685,0.62191358,0.868571429,0.344761905
79,E01003016,Lambeth 036C,1.91620885,1.720672538,1.10986008,0.509693878,0.6643026,0.707779886,0.837635304,0.541567696
244,E01033867,Southwark 002F,1.896429839,1.779636512,1.054798852,0.501623932,0.758278146,0.715039578,0.844214609,0.502479339
204,E01004761,Westminster 018D,1.858676653,1.13192518,1.67064329,0.506865204,0.615494978,0.761980831,0.899585062,0.647058824
1,E01000002,City of London 001B,1.817970839,1.538200524,1.208721545,0.467843137,0.701456311,0.900113507,0.909682081,0.65776699
31,E01001780,Hackney 032D,1.812258846,1.70144296,1.068153917,0.510337079,0.722679201,0.59137577,0.803964758,0.401639344
143,E01004658,Westminster 012B,1.795641159,1.181524874,1.515579326,0.518125,0.776196636,0.773631841,0.914642154,0.587322122
48,E01002729,Islington 021E,1.788447275,1.642810151,1.08712841,0.547475728,0.644478064,0.726797386,0.817513369,0.495440729
208,E01032582,Lambeth 036E,1.773421056,1.748617577,1.008612439,0.482666667,0.757081545,0.690322581,0.877300613,0.524463519
40,E01002707,Islington 022B,1.756336939,1.749873299,1.009987792,0.544910714,0.796629213,0.745745746,0.824272378,0.465768799
41,E01002711,Islington 021B,1.747192074,1.713396407,1.026400323,0.511098901,0.760914761,0.734530938,0.856157635,0.500520291
157,E01004684,Westminster 015C,1.735196407,1.037469887,1.678698897,0.543921569,0.661016949,0.702222222,0.86119403,0.478813559
268,E01035708,Camden 022F,1.72059266,1.753110546,0.986031849,0.4746875,0.792915531,0.758389262,0.908252178,0.531886024
27,E01000952,Camden 022A,1.717882089,1.671041802,1.022505412,0.534878049,0.695585997,0.614583333,0.785925488,0.292237443
18,E01000941,Camden 029D,1.715211008,1.654236371,1.038361031,0.526226415,0.745762712,0.609375,0.765246449,0.320150659
19,E01000942,Camden 029C,1.711054153,1.683674862,1.017150055,0.545789474,0.80511811,0.72183908,0.85770751,0.468503937
232,E01033603,Westminster 009I,1.710823643,1.569711865,1.093335185,0.49875,0.741116751,0.712585034,0.813586098,0.462962963
8,E01000914,Camden 028B,1.685758094,1.470259011,1.151233459,0.534529915,0.813315927,0.787921348,0.873150106,0.479057592
42,E01002723,Islington 022C,1.682492832,1.690952656,0.998429884,0.543191489,0.731972789,0.727272727,0.828344533,0.399182561
142,E01004657,Westminster 012A,1.672855072,1.201730365,1.391988081,0.509444444,0.666666667,0.814012739,0.936625514,0.6360601
227,E01033594,Westminster 015G,1.657786621,0.995037589,1.717164478,0.478291139,0.720399429,0.711399711,0.839786382,0.47083926
115,E01003981,Southwark 006F,1.638968372,1.712529827,0.955283441,0.475483871,0.751506024,0.722070845,0.831564987,0.47806354
259,E01035655,Islington 020F,1.63678461,1.760822145,0.928460518,0.527951807,0.654618474,0.719416386,0.805780347,0.515394913
15,E01000937,Camden 029G,1.604419674,1.588083618,1.008459673,0.555584416,0.858851675,0.741758242,0.88372093,0.389952153
188,E01004736,Westminster 018C,1.602599292,1.431841712,1.141121225,0.529275766,0.660344828,0.767653759,0.931105048,0.662629758
97,E01003934,Southwark 002C,1.599515652,1.716125013,0.919205006,0.485464481,0.719141324,0.826311264,0.858751279,0.602690583
155,E01004682,Westminster 016B,1.547718226,0.75080696,2.015336455,0.515662651,0.763392857,0.768421053,0.900078064,0.488095238
34,E01002697,Islington 019B,1.541960966,1.72571522,0.889713139,0.543606557,0.730350665,0.541073384,0.793997965,0.363855422
47,E01002728,Islington 021D,1.524944831,1.677949176,0.910364636,0.546666667,0.742009132,0.71641791,0.839787396,0.433789954
39,E01002706,Islington 023E,1.510943421,1.716560232,0.883069065,0.518125,0.753559693,0.746223565,0.851397744,0.42872807
184,E01004732,Westminster 020B,1.495572933,1.546967377,0.96819122,0.488072289,0.791606368,0.62962963,0.705118411,0.331403763
38,E01002704,Islington 023D,1.483486636,1.672191302,0.893260354,0.501415929,0.801962533,0.715111478,0.860356537,0.520535714
30,E01000956,Camden 022E,1.481473347,1.684839777,0.877987426,0.510487805,0.771523179,0.664921466,0.805980066,0.310743802
205,E01004762,Westminster 011E,1.481426973,1.131167562,1.300774135,0.524482759,0.598425197,0.802910053,0.83344093,0.554973822
132,E01004308,Tower Hamlets 015C,1.47924503,1.510720744,0.981136842,0.484634146,0.692913386,0.67765043,0.809722222,0.388998035
16,E01000938,Camden 029A,1.471275843,1.676229368,0.87777569,0.496491228,0.8144,0.649586777,0.833942941,0.3888
209,E01032583,Southwark 034D,1.469137087,1.701840365,0.860041391,0.483656716,0.73827699,0.701263538,0.879941435,0.492374728
174,E01004713,Westminster 011A,1.451853468,1.251842202,1.16378233,0.494017094,0.656115108,0.837086093,0.923193916,0.682926829
171,E01004702,Westminster 009E,1.41363852,1.596046087,0.881318003,0.520314961,0.649580615,0.58607714,0.74884218,0.249067164
192,E01004742,Westminster 022A,1.412877626,1.443305965,0.986093912,0.521111111,0.646393211,0.758579882,0.892686804,0.575070822
196,E01004747,Westminster 021E,1.387343825,1.423694701,0.971137502,0.512815534,0.708015267,0.716521739,0.836772123,0.536259542
35,E01002701,Islington 023A,1.371468947,1.774356174,0.774872837,0.520273973,0.775811209,0.675438596,0.781632653,0.345132743
200,E01004751,Westminster 022C,1.363086445,1.32560764,1.032962434,0.525090909,0.605194805,0.823464912,0.779334501,0.597402597
36,E01002702,Islington 023B,1.316085999,1.784447691,0.738164562,0.50815534,0.779569892,0.717509025,0.838735818,0.423318386
61,E01002828,Kensington and Chelsea 008E,1.311375799,1.39639831,0.942421037,0.485652174,0.549363057,0.745513866,0.88907563,0.588141026
146,E01004661,Westminster 012C,1.298729368,1.255693254,1.038952273,0.505,0.731132075,0.754528986,0.866866867,0.544705882
148,E01004663,Westminster 012E,1.259952742,1.171137036,1.076133696,0.512738095,0.677329624,0.780802292,0.8674189,0.56545961
55,E01002818,Kensington and Chelsea 012A,1.259422648,1.335659568,0.930880204,0.521621622,0.65,0.791601866,0.946570397,0.640387275
270,E01035710,Camden 023F,1.255849979,1.59504458,0.792454646,0.498707865,0.758082497,0.55739645,0.829192547,0.315496098
183,E01004731,Westminster 020A,1.251260871,1.506957545,0.825866029,0.520606061,0.734811958,0.820016142,0.925112332,0.671166827
64,E01002883,Kensington and Chelsea 006B,1.249561867,1.327669806,0.948884156,0.504666667,0.525423729,0.76819407,0.889641165,0.681047766
266,E01035696,Tower Hamlets 026E,1.24742438,1.696324066,0.763895642,0.490533333,0.749169435,0.832506203,0.923922232,0.605306799
199,E01004750,Westminster 023E,1.244136943,1.315536941,0.944654573,0.488965517,0.711904762,0.70153417,0.810094637,0.460714286
65,E01002884,Kensington and Chelsea 006C,1.242031582,1.257261569,0.982344014,0.539166667,0.715488215,0.713896458,0.86416185,0.511744966
231,E01033602,Westminster 009H,1.231954909,1.712696918,0.720007033,0.483421053,0.742088608,0.567829457,0.772102161,0.238924051
17,E01000939,Camden 029B,1.225058409,1.657248943,0.738421605,0.536610169,0.771134021,0.559288538,0.811333794,0.323045267
123,E01004291,Tower Hamlets 027A,1.205822934,1.688407961,0.71371139,0.497777778,0.60139165,0.786061588,0.90266876,0.621272366
147,E01004662,Westminster 012D,1.194745186,1.219936873,0.994336056,0.504222222,0.775353017,0.794078062,0.903860712,0.565384615
253,E01033884,Southwark 035A,1.185792661,1.656204733,0.713761936,0.489170984,0.806070826,0.762900976,0.912964642,0.636824324
182,E01004730,Westminster 001D,1.184408287,1.155259394,1.024648095,0.533475177,0.535150646,0.781428571,0.886986301,0.623209169
214,E01032646,Southwark 036B,1.180093747,1.646603942,0.708158411,0.487080745,0.754037267,0.787476281,0.889768977,0.652605459
128,E01004301,Tower Hamlets 025B,1.165504691,1.443335913,0.812659012,0.503478261,0.617154812,0.576619273,0.826760563,0.385744235
126,E01004295,Tower Hamlets 026C,1.165169619,1.590666222,0.740373475,0.477317073,0.659159159,0.552095808,0.841816367,0.371814093
49,E01002801,Islington 020C,1.16005513,1.80202562,0.642511921,0.516470588,0.646437995,0.832783278,0.873972603,0.612945839
28,E01000954,Camden 022C,1.155615199,1.697672255,0.681122563,0.493333333,0.728813559,0.507272727,0.789263278,0.226502311
185,E01004733,Westminster 020C,1.152795854,1.489054888,0.767432695,0.530933333,0.618239661,0.800529568,0.911512845,0.654334038
75,E01002902,Kensington and Chelsea 018D,1.149084933,1.22986451,0.945014437,0.518039216,0.59887798,0.7375,0.884176183,0.612903226
201,E01004752,Westminster 022D,1.14681532,1.418710999,0.811050638,0.48875,0.70070922,0.654731458,0.814243759,0.465248227
230,E01033601,Westminster 009G,1.146215866,1.731402923,0.664261893,0.513333333,0.615131579,0.544338336,0.745711403,0.245065789
238,E01033711,Hackney 032C,1.133502944,1.722509527,0.659334157,0.51796875,0.868331442,0.836947095,0.942498693,0.694665153
272,E01035712,Camden 029E,1.132159134,1.572718044,0.719603298,0.527959184,0.721024259,0.704976303,0.829198861,0.378378378
24,E01000948,Camden 021D,1.131064528,1.665091634,0.676687596,0.53,0.623324397,0.735723772,0.848366013,0.475167785
240,E01033863,Lambeth 003G,1.115310248,1.611080126,0.6881492,0.528349515,0.696869852,0.540540541,0.812830189,0.33553719
191,E01004741,Westminster 024F,1.110102023,1.475036082,0.753568382,0.517560976,0.711509716,0.720670391,0.855151046,0.403903904
260,E01035656,Islington 020G,1.104819951,1.740956422,0.63550841,0.488709677,0.778085992,0.823050058,0.909642616,0.659722222
14,E01000920,Camden 027D,1.098938156,1.574487344,0.703068133,0.497126437,0.720930233,0.768421053,0.843499692,0.484107579
158,E01004686,Westminster 015E,1.095548816,1.033615387,1.036893552,0.561428571,0.776737968,0.75975039,0.861648746,0.394141145
153,E01004680,Westminster 015A,1.086460929,1.055329195,0.980214202,0.522962963,0.584805654,0.813771518,0.8784219,0.649557522
159,E01004687,Westminster 019A,1.081849715,1.212995631,0.90232208,0.514795918,0.403560831,0.783410138,0.943981832,0.768545994
226,E01033593,Westminster 015F,1.077978786,1.269893178,0.860819248,0.485555556,0.75315729,0.742006615,0.888439306,0.588302752
84,E01003102,Lambeth 004A,1.073674226,1.688337269,0.636626473,0.494375,0.711734694,0.684729064,0.849266862,0.49872449
85,E01003104,Lambeth 004C,1.073354815,1.671387532,0.643382058,0.4888,0.726958525,0.639126306,0.886901327,0.460829493
96,E01003933,Southwark 034C,1.06860077,1.449828359,0.744161339,0.524505495,0.711614173,0.746371276,0.872995781,0.589793916
86,E01003105,Lambeth 003B,1.053950327,1.527498524,0.679883379,0.519509804,0.696524064,0.59255079,0.820738137,0.398666667
219,E01032803,Southwark 036C,1.04499779,1.654655755,0.627941992,0.456438356,0.787531807,0.80904059,0.923025879,0.664974619
239,E01033862,Lambeth 003F,1.038460763,1.626059683,0.63843259,0.513191489,0.764784946,0.767303103,0.902578797,0.66756393
277,E01035721,Westminster 023H,1.035717227,1.200611227,0.868597981,0.498962963,0.692484663,0.712037037,0.8288908,0.529051988
215,E01032719,Southwark 014G,1.029711023,1.482422534,0.694996055,0.496944444,0.824408468,0.606396064,0.850725639,0.514925373
213,E01032640,Southwark 035B,1.025783187,1.571061588,0.646125151,0.469873418,0.663934426,0.856626506,0.934235977,0.709359606
29,E01000955,Camden 022D,1.025325225,1.65872882,0.61837355,0.5275,0.723880597,0.550420168,0.786933927,0.249534451
193,E01004743,Westminster 021B,1.022970057,1.52380338,0.670104163,0.540512821,0.689320388,0.694148936,0.834666667,0.441217151
267,E01035697,Tower Hamlets 026F,1.016249075,1.734059292,0.597229483,0.5021875,0.753731343,0.749492901,0.856119403,0.627421759
60,E01002827,Kensington and Chelsea 008D,1.009010278,1.186011084,0.802090636,0.518727273,0.519496855,0.787685775,0.945772595,0.681818182
161,E01004691,Westminster 019E,0.977190497,1.361948195,0.709305708,0.533954802,0.480083857,0.803767661,0.934895833,0.716386555
177,E01004716,Westminster 011C,0.971093515,1.320354423,0.741712577,0.526240602,0.560150376,0.820642978,0.919463087,0.656015038
245,E01033868,Southwark 002G,0.968901686,1.65179154,0.576239529,0.465326087,0.831666667,0.814111262,0.941092974,0.707154742
210,E01032584,Southwark 034E,0.965375948,1.612780193,0.598000721,0.520245902,0.733215548,0.660792952,0.850148368,0.446996466
101,E01003938,Southwark 006A,0.955530998,1.6569216,0.570191994,0.53673913,0.684420772,0.607709751,0.863387978,0.44
212,E01032639,Southwark 014F,0.950197296,1.501931922,0.629074753,0.474819277,0.765685019,0.706356312,0.891792995,0.590038314
94,E01003930,Southwark 034A,0.940395414,1.54457448,0.610475312,0.513859649,0.749333333,0.722972973,0.864260295,0.558077437
169,E01004699,Westminster 017F,0.937246928,0.799611316,1.171222343,0.498181818,0.721603563,0.774674115,0.895096921,0.548997773
9,E01000915,Camden 027A,0.935423371,1.493335376,0.631776178,0.493833333,0.718644068,0.685358255,0.815565729,0.361629881
50,E01002802,Islington 020D,0.93187678,1.750544493,0.534046602,0.538333333,0.640776699,0.77938343,0.839179709,0.575425791
145,E01004660,Westminster 008B,0.93096683,1.279200408,0.733540492,0.529,0.68018018,0.790123457,0.912648498,0.688155922
144,E01004659,Westminster 008A,0.926614402,1.524048909,0.610149717,0.496486486,0.725443787,0.827076223,0.904966278,0.575650118
81,E01003097,Lambeth 006A,0.920664691,1.736896842,0.532937087,0.52015873,0.68558952,0.568922306,0.805519897,0.385174419
254,E01033885,Southwark 036A,0.918890984,1.571037904,0.574240525,0.526593407,0.743630573,0.668463612,0.856390977,0.466453674
156,E01004683,Westminster 015B,0.904528691,0.843786567,1.077700039,0.537628866,0.519230769,0.823321555,0.923541247,0.649517685
195,E01004746,Westminster 021D,0.90138539,1.499300146,0.60083021,0.512424242,0.766020864,0.639084507,0.781074579,0.302670623
242,E01033865,Lambeth 004I,0.875890736,1.725119546,0.511654411,0.498125,0.768456376,0.730478589,0.878289474,0.639865997
160,E01004690,Westminster 019D,0.875500402,1.379052309,0.64756673,0.546518519,0.402298851,0.73540856,0.938909774,0.744827586
92,E01003112,Lambeth 002E,0.866863478,1.569619399,0.552704041,0.492313433,0.682656827,0.604026846,0.835837507,0.419828641
152,E01004670,Westminster 009A,0.850734226,1.644766372,0.513291614,0.5175,0.683585313,0.487804878,0.722878229,0.172264355
149,E01004665,Westminster 024A,0.846216393,1.358033948,0.621844482,0.524117647,0.655765921,0.567272727,0.757575758,0.25388601
62,E01002863,Kensington and Chelsea 012E,0.830244587,1.189963345,0.696264846,0.528245614,0.518050542,0.778175313,0.930170098,0.661870504
258,E01035649,Hackney 026H,0.825382557,1.778921251,0.46265864,0.48,0.731343284,0.79350348,0.906976744,0.601492537
66,E01002885,Kensington and Chelsea 006D,0.812936866,1.132356849,0.716602524,0.523043478,0.743462017,0.744378698,0.927162367,0.542963885
151,E01004669,Westminster 024B,0.811524898,1.42711854,0.568902497,0.532033898,0.711934156,0.705045278,0.810575247,0.317307692
269,E01035709,Camden 022G,0.7997626,1.663453708,0.482106062,0.526306306,0.714285714,0.585448393,0.758934373,0.274294671
117,E01003995,Southwark 014B,0.796496692,1.43886429,0.550034877,0.528484848,0.739484396,0.570596798,0.792576419,0.39295393
100,E01003937,Southwark 009B,0.794313524,1.639083137,0.485001244,0.541428571,0.783289817,0.698074975,0.897786458,0.528104575
276,E01035720,Westminster 021G,0.791868068,1.400011613,0.569094998,0.517833333,0.63713799,0.672540382,0.877668309,0.467576792
168,E01004698,Westminster 017E,0.791340129,0.606398155,1.317311166,0.5440625,0.73659306,0.735677083,0.855115758,0.44549763
237,E01033709,Hackney 032B,0.784125165,1.722243154,0.453809769,0.5048,0.809633028,0.707272727,0.881004367,0.516685846
164,E01004694,Westminster 016C,0.783614398,0.632475916,1.212192942,0.505102041,0.747736093,0.820809249,0.903728814,0.550649351
91,E01003111,Lambeth 002D,0.780394563,1.423487347,0.549242272,0.511111111,0.696517413,0.460431655,0.811206461,0.380299252
202,E01004753,Westminster 022E,0.777950781,1.371808122,0.566898401,0.511923077,0.672451193,0.757487923,0.832191781,0.553145336
170,E01004700,Westminster 016E,0.77067765,0.678566291,1.129291682,0.535294118,0.711139896,0.740305523,0.907806191,0.564766839
21,E01000944,Camden 023A,0.763498687,1.501823269,0.509361737,0.548135593,0.701413428,0.604436229,0.793032787,0.27385159
22,E01000946,Camden 021B,0.76054658,1.458740375,0.525488962,0.5296139,0.637026239,0.726797386,0.874274662,0.528467153
124,E01004292,Tower Hamlets 026A,0.757959338,1.739342811,0.439745675,0.478992248,0.590849673,0.827586207,0.908492823,0.71503268
90,E01003110,Lambeth 002C,0.749453691,1.39514317,0.53735367,0.50423913,0.626623377,0.755842063,0.863060429,0.58008658
241,E01033864,Lambeth 004H,0.746922871,1.70848163,0.439041847,0.464181818,0.697154472,0.480651731,0.781219748,0.354378819
77,E01003014,Lambeth 036B,0.743745197,1.375531879,0.543873297,0.525299539,0.712050078,0.606944444,0.820478723,0.438871473
76,E01003013,Lambeth 036A,0.73513696,1.587589548,0.464542389,0.498980583,0.768055556,0.756959315,0.941478439,0.656944444
125,E01004293,Tower Hamlets 027B,0.734399688,1.649409277,0.44550215,0.490408163,0.597609562,0.831469053,0.887770508,0.65438247
163,E01004693,Westminster 017B,0.731956952,0.876020582,0.826387281,0.487592593,0.59762309,0.785123967,0.914120562,0.677419355
106,E01003943,Southwark 009C,0.72195012,1.653585205,0.437061225,0.524823529,0.726962457,0.507060334,0.84939759,0.363481229
127,E01004296,Tower Hamlets 026D,0.72112536,1.655867916,0.431746771,0.4688,0.705186533,0.718934911,0.853497942,0.441203282
278,E01035722,Westminster 024G,0.719224625,1.46848606,0.489789084,0.547777778,0.693220339,0.785046729,0.868486352,0.571186441
67,E01002886,Kensington and Chelsea 006E,0.714578561,1.205660449,0.598093177,0.539166667,0.542857143,0.756521739,0.895375284,0.618045113
172,E01004703,Westminster 007B,0.70682311,1.698513168,0.414525704,0.5256,0.519075145,0.789420142,0.89669007,0.641203704
95,E01003932,Southwark 034B,0.70349047,1.521545977,0.462706192,0.510084746,0.739825581,0.609974425,0.838416613,0.400580552
248,E01033873,Southwark 009G,0.700192647,1.515125712,0.470334283,0.508985507,0.741839763,0.523002421,0.861581921,0.434074074
26,E01000951,Camden 023E,0.69461238,1.49987525,0.45995063,0.559245283,0.685053381,0.55985267,0.815464587,0.290780142
189,E01004737,Westminster 024C,0.694039782,1.446875672,0.481707444,0.530695652,0.590682196,0.649746193,0.816611842,0.472545757
99,E01003936,Southwark 009A,0.677002595,1.595436143,0.421567537,0.534623656,0.679862306,0.837552743,0.929602888,0.675257732
82,E01003098,Lambeth 005A,0.672181299,1.670622421,0.402703432,0.499180328,0.595384615,0.677192982,0.868686869,0.493066256
249,E01033874,Southwark 009H,0.660287718,1.48062297,0.446182935,0.5372,0.8976,0.814223512,0.941789748,0.682108626
223,E01033208,Lambeth 004G,0.657150858,1.756076423,0.374524643,0.486551724,0.762054507,0.734521576,0.907439953,0.60041841
250,E01033875,Southwark 012G,0.650905132,1.378601643,0.473441745,0.508192771,0.777429467,0.708390646,0.875094625,0.523510972
89,E01003108,Lambeth 002B,0.643008937,1.400674815,0.458570368,0.535373134,0.728551336,0.57012987,0.82046332,0.374293785
103,E01003940,Southwark 006B,0.637422928,1.558594336,0.4088141,0.524918033,0.695583596,0.509114583,0.832286432,0.384126984
165,E01004695,Westminster 017C,0.621625123,0.637785485,0.987916189,0.495757576,0.804387569,0.780357143,0.902894491,0.486288848
111,E01003973,Southwark 016E,0.614926978,1.22772307,0.5011899,0.48972973,0.737400531,0.502222222,0.844336766,0.388594164
275,E01035719,Westminster 021F,0.612981666,1.486591888,0.414255705,0.530224719,0.676656151,0.783505155,0.879716981,0.5671406
78,E01003015,Lambeth 002A,0.608763061,1.328051951,0.457946197,0.517052632,0.698254364,0.613995485,0.827806864,0.395261845
211,E01032637,Southwark 035E,0.602003369,1.525548553,0.390528296,0.480888889,0.67372134,0.870179949,0.95042898,0.70619469
104,E01003941,Southwark 006C,0.601940867,1.481221558,0.402912459,0.500204082,0.716062176,0.747090768,0.884808853,0.550829876
121,E01004028,Southwark 004E,0.596719379,1.415141228,0.421177624,0.498,0.680656934,0.635145197,0.864708316,0.460766423
251,E01033876,Southwark 012H,0.586941009,1.380882129,0.425343185,0.540625,0.82848392,0.767523364,0.9224,0.701378254
116,E01003994,Southwark 012E,0.586498912,1.284834134,0.457157853,0.505365854,0.732947977,0.645794393,0.843715847,0.476905312
54,E01002817,Kensington and Chelsea 011D,0.58548133,1.226639828,0.472656654,0.505641026,0.461285008,0.764430577,0.910104012,0.663920923
87,E01003106,Lambeth 003C,0.565448936,1.415937077,0.400077929,0.51884058,0.635802469,0.657894737,0.866447985,0.507201646
109,E01003963,Southwark 016A,0.562930468,1.280000248,0.440431028,0.497704918,0.691304348,0.452471483,0.83410943,0.308139535
70,E01002889,Kensington and Chelsea 010B,0.560048857,1.142086261,0.48375924,0.533934426,0.48409894,0.751117735,0.907573813,0.613074205
243,E01033866,Lambeth 004J,0.556098536,1.75425961,0.316468956,0.46375,0.841346154,0.785617368,0.936607143,0.761217949
180,E01004725,Westminster 003B,0.549442596,1.449032186,0.382741516,0.507857143,0.580204778,0.653543307,0.844787645,0.476109215
203,E01004757,Westminster 010C,0.547194843,1.701834623,0.322519877,0.460526316,0.633440514,0.58,0.806393245,0.32905297
63,E01002865,Kensington and Chelsea 011E,0.542237301,1.324764739,0.403827736,0.546666667,0.423487544,0.780780781,0.948965517,0.75088968
252,E01033877,Southwark 012I,0.539830574,1.349725348,0.401886702,0.500357143,0.712609971,0.650507328,0.865546218,0.519061584
59,E01002826,Kensington and Chelsea 008C,0.539286785,1.280878315,0.419302824,0.5325,0.611023622,0.824345146,0.910685805,0.60821485
118,E01003997,Southwark 017E,0.52479172,1.268860717,0.41513924,0.499375,0.614624506,0.654357459,0.858024691,0.447731755
179,E01004724,Westminster 001C,0.524053243,1.26645313,0.412107138,0.533095238,0.627586207,0.794871795,0.904435058,0.547126437
107,E01003960,Southwark 012A,0.523340275,1.28279292,0.406734048,0.51266055,0.636125654,0.670264966,0.864072194,0.460732984
167,E01004697,Westminster 016D,0.521426831,0.760457175,0.703336021,0.545517241,0.699101796,0.725925926,0.889798958,0.551724138
154,E01004681,Westminster 016A,0.519088237,1.190672881,0.485328655,0.478943662,0.701525054,0.728661276,0.884113166,0.561002179
25,E01000949,Camden 023C,0.516731181,1.552777447,0.334583099,0.549807692,0.724783862,0.581578947,0.819262039,0.418470418
105,E01003942,Southwark 006D,0.516609302,1.487538564,0.347586301,0.517868852,0.628930818,0.591029024,0.848886532,0.352848101
83,E01003101,Lambeth 003A,0.512073252,1.490737869,0.335912045,0.518863636,0.672440945,0.622141998,0.853351955,0.454402516
68,E01002887,Kensington and Chelsea 010A,0.511681948,0.858515693,0.597641773,0.532894737,0.65154265,0.77029361,0.931927133,0.65154265
113,E01003976,Southwark 036D,0.500736845,1.470259874,0.336122748,0.499655172,0.700787402,0.730742049,0.873956594,0.548951049
73,E01002892,Kensington and Chelsea 010E,0.496849274,0.998724156,0.4988644,0.494193548,0.5975039,0.788309637,0.931061193,0.627543036
150,E01004668,Westminster 023D,0.494888671,1.297668423,0.386222257,0.489,0.593537415,0.61849711,0.84940183,0.429794521
120,E01003999,Southwark 014E,0.48456742,1.359904016,0.357427828,0.52975,0.623115578,0.571794872,0.843228819,0.405360134
162,E01004692,Westminster 019F,0.474814174,1.421349801,0.336590516,0.54125,0.535874439,0.74829932,0.91350826,0.617449664
119,E01003998,Southwark 014D,0.465976708,1.376687153,0.33788466,0.503846154,0.597875569,0.68504902,0.821879383,0.473444613
221,E01033098,Wandsworth 038C,0.458304111,1.230776684,0.379843581,0.552,0.700737619,0.795513374,0.950263312,0.7028451
88,E01003107,Lambeth 003D,0.458197296,1.41955826,0.322609117,0.508024691,0.640996602,0.74267101,0.892490546,0.574011299
56,E01002819,Kensington and Chelsea 012B,0.455691437,1.331348263,0.344285604,0.495354331,0.562171629,0.743879473,0.915441176,0.676625659
58,E01002825,Kensington and Chelsea 008B,0.451089443,1.291685906,0.345711094,0.52942029,0.456043956,0.750977836,0.907614782,0.637860082
52,E01002813,Kensington and Chelsea 011A,0.448655636,1.010897347,0.440875769,0.516875,0.454545455,0.78757764,0.925876011,0.703216374
181,E01004727,Westminster 008D,0.440651741,1.25135274,0.349175421,0.559242054,0.669281046,0.812577065,0.922330097,0.623529412
247,E01033872,Southwark 004I,0.439530879,1.234722661,0.357152249,0.537058824,0.676783005,0.646540881,0.871834229,0.538694992
53,E01002816,Kensington and Chelsea 011C,0.431636071,1.12142205,0.37941026,0.513076923,0.629357798,0.800369686,0.90719697,0.564102564
108,E01003961,Southwark 012B,0.415916399,1.220641437,0.33752978,0.508181818,0.716384181,0.427937916,0.794599807,0.292792793
71,E01002890,Kensington and Chelsea 010C,0.407487861,0.901016599,0.44992629,0.508243243,0.378761062,0.771084337,0.940671909,0.762831858
256,E01035497,Wandsworth 038B,0.406391586,1.709152511,0.235839044,0.49375,0.746564885,0.611246944,0.902144772,0.615267176
110,E01003972,Southwark 016D,0.39284011,1.097980647,0.355675025,0.532241379,0.685575365,0.563157895,0.867576792,0.398387097
114,E01003979,Southwark 006E,0.38840632,1.338532008,0.289442054,0.506376812,0.687640449,0.682407407,0.804128902,0.508455468
112,E01003975,Southwark 004A,0.378242034,1.314024391,0.284886715,0.526081081,0.653585927,0.571589628,0.850645705,0.447619048
51,E01002812,Kensington and Chelsea 013A,0.367059579,0.825323875,0.451328192,0.526226415,0.604904632,0.773030708,0.924101198,0.585034014
69,E01002888,Kensington and Chelsea 013E,0.366950818,0.75556087,0.492311171,0.513333333,0.671912833,0.760638298,0.936497755,0.555690073
72,E01002891,Kensington and Chelsea 010D,0.34987229,0.993388143,0.356886349,0.527735849,0.539285714,0.759795571,0.931587838,0.660107335
220,E01032834,Southwark 035C,0.347903103,1.481806724,0.233948179,0.433428571,0.599353796,0.855889724,0.93865628,0.679032258
57,E01002824,Kensington and Chelsea 008A,0.347367794,1.328927772,0.264394702,0.536666667,0.488203267,0.75,0.892595606,0.64
246,E01033870,Southwark 004G,0.33275085,1.277081995,0.260763756,0.522,0.722737819,0.744129555,0.908422838,0.622969838
228,E01033597,Westminster 023F,0.318065213,1.267866196,0.251195735,0.478684211,0.72991453,0.665330661,0.815292949,0.455479452
274,E01035718,Westminster 019G,0.312307149,1.092332664,0.285792628,0.550621891,0.505464481,0.815135135,0.940031153,0.691256831
255,E01035496,Wandsworth 038A,0.303149537,1.678101142,0.178045343,0.48,0.635460993,0.739191074,0.90438247,0.675177305
166,E01004696,Westminster 017D,0.30191651,0.903779458,0.344961612,0.564848485,0.705627706,0.628834356,0.769550173,0.370317003
229,E01033599,Westminster 023G,0.292467992,1.28340218,0.227191283,0.439142857,0.739047619,0.565371025,0.82782475,0.36952381
74,E01002901,Kensington and Chelsea 018C,0.243199913,1.135853193,0.204587366,0.54106383,0.502272727,0.777511962,0.786948177,0.625
222,E01033132,Wandsworth 038D,0.234875802,1.443227239,0.164758988,0.457113402,0.721640489,0.753515914,0.921530162,0.630017452
257,E01035498,Wandsworth 038E,0.198799732,1.416905742,0.138265675,0.421384615,0.732718894,0.783529412,0.942434211,0.721966206
